{
  "credit": "Made with Blockbench",
  "texture_size": [
    128,
    128
  ],
  "elements": [
    {
      "from": [
        -4,
        8,
        -4
      ],
      "to": [
        20,
        8,
        20
      ],
      "rotation": {
        "angle": 0,
        "axis": "y",
        "origin": [
          8,
          0,
          8
        ]
      },
      "faces": {
        "north": {
          "uv": [
            8.28571,
            4.98595,
            1.05152,
            0
          ],
          "rotation": 180,
          "texture": "#2"
        },
        "east": {
          "uv": [
            8.28571,
            4.98595,
            1.05152,
            0
          ],
          "rotation": 180,
          "texture": "#2"
        },
        "south": {
          "uv": [
            8.28571,
            4.98595,
            1.05152,
            0
          ],
          "rotation": 180,
          "texture": "#2"
        },
        "west": {
          "uv": [
            8.28571,
            4.98595,
            1.05152,
            0
          ],
          "rotation": 180,
          "texture": "#2"
        },
        "up": {
          "uv": [
            8.28571,
            4.98595,
            1.05152,
            0
          ],
          "rotation": 180,
          "texture": "#2"
        },
        "down": {
          "uv": [
            8.28571,
            0,
            1.05152,
            4.98595
          ],
          "rotation": 180,
          "texture": "#2"
        }
      }
    }
  ],
  "display": {
    "ground": {
      "scale": [
        1.33,
        1,
        1.13
      ]
    },
    "head": {
      "rotation": [
        -13,
        0,
        0
      ],
      "translation": [
        0,
        3.75,
        1.5
      ],
      "scale": [
        0.71,
        1,
        1.16
      ]
    }
  }
}