{
	"format_version": "1.8.0",
	"animations": {
		"0": {
			"loop": true
		},
		"1": {
			"loop": "hold_on_last_frame",
			"animation_length": 0.5,
			"bones": {
				"lid": {
					"rotation": {
						"0.0": {
							"vector": [0, 0, 0]
						},
						"0.5": {
							"vector": [-162.5, 0, 0],
							"easing": "easeInElastic"
						}
					}
				}
			}
		},
		"2": {
			"animation_length": 0.4167,
			"bones": {
				"chest": {
					"rotation": {
						"0.0": {
							"vector": [0, 0, 0]
						},
						"0.0417": {
							"vector": [0, 0, 2.5]
						},
						"0.0833": {
							"vector": [-2.5, 0, 2.5]
						},
						"0.125": {
							"vector": [-2.49762, -0.10901, 0.00238]
						},
						"0.1667": {
							"vector": [-2.4905, -0.21782, -2.49527]
						},
						"0.2083": {
							"vector": [0.0095, -0.21782, -2.49527]
						},
						"0.25": {
							"vector": [2.5095, -0.21782, -2.49527]
						},
						"0.2917": {
							"vector": [2.49762, -0.32704, 0.00238]
						},
						"0.3333": {
							"vector": [2.481, -0.43564, 2.50007]
						},
						"0.375": {
							"vector": [-0.019, -0.43564, 2.50007]
						},
						"0.4167": {
							"vector": [0.00002, 0, 0]
						}
					}
				}
			}
		}
	},
	"geckolib_format_version": 2
}